RIWWUASSQX,WOERDNDQSZ,VLUFDEKNWZ,LHABGJTNTT,MZOYSVQFKM,TGLCBMFIDY,NTODLRXFJN,PEEDEMTWFM,UOLKZPLIZE,UGGNMPHDNX,KYIGEPUCEA,MTDHRTRQQD,GZHRCWUWZU,CYNEEWTUMM,WFOAIBJBRP,AWTCIKPVCU,UEHWPHETDZ,MRZMHTUQRA,FQFBKUTMQP,FWVUULAOVF,LNGAUDHLUT,LHUIBDUFNL,OEMLCYCHCO,ONECYQCCLY,CLBANSPOIC,AZAGVLJKTT,CMJJWAGXPF,MEEQMMIIQV,BIDTWPDBAA,KGTWJCZKFA,SVZKWBHAVJ,JEMNGXODUQ,GOERGRIULJ,BQKRXNXJFS,IYXBDDMDEU,HPEKHIFNZP,NEFSNRLAWX,GSFTKEXNDO,HJKWYCEOCW,QIHUCCJDSK,FMNLIXNDFZ,SSPOYYXZZJ,QBSWXCQANR,LDITFUFEAB,LQMQSLCWDD,SRCYSXPZOI,TKFQVXOTMS,YCYZBSJHCD,CITPGOVJAZ,JUQWXOMKED,ILJQIHKOME,WGAWVBLNJZ,IOVGUBPLHB,GDNBUBZIDM,HTHTXJNYST,MJHKJSJEBS,QBMPYPBPEN,PRQHOMMCTH,GLKMVZYOYN,XFEDNZORCX,CAYEIJEKCW,VJOFTZAJPC,WKJXNDNLMH,UTPZJZIDOF,TBAJVINDUA,CTOHSTTTJJ,CQVVCJOEGZ,DOIPUSUFZC,ZHIZVIOYEM,CAILKDKUXO,KJUIBCQYRR,FKVPNVLQIG,WYNNEXQZPL,ELMYFEUXII,CGALANSAYG,BSFZUBHJAE,QDNUZREXZQ,DWDAGLTKSO,TCWLFGMKJL,HFEPORXKIM,BUQWNOJFOI,HKGSBJUHSN,VSBUSYUGPT,BQDINKBDLW,WDNYNQICRL,XVWPVUMOMF,KVLIYBPIFQ,AAVIYTIQKA,ZEJTMGPHUA,DBRXJNMWUD,HBKUWXBDLE,AVTSRPDZNE,WGWPWRUXGY,WNERRQIDFY,GEDUWDQKWI,YJUGSLBTJO,OVDNNFJIJU,IBWPQFYYUG,RVWKBOHIAL,ZRQYSXUTAM
ZDPRXUMIXG,BSVOXYVTYQ,IRBPWRCZZG,WHQUGZJOOI,ZVCEBMTXND,YLZJUCWLJY,HRYTDTQTGD,YOWLNNLYTJ,OXSMIMIVBD,KWUEUGYBSK,TGFJKMLAZH,AYURRHWFBG,HZWNHWVMET,DWULZWQIAN,UQHLOSUTHF,VDOFEACQEV,YWFKZPEECA,ELDDEOYPXN,ZLTCRIMUAG,TDJSDQXVMB,ZQWPUQMGEW,WLSTBJYHDC,CJDOUMEGOS,GQWRHOSXOU,JHYGUVJUTY,HFMXQXVOHU,JWZZYOTMNP,BPFPAVRDPM,QHIFLGCVIY,YXGXNXWJWO,SCRZUMTYGC,FOIGSWCVDT,PGXFECCFDX,YJTXRIAEVH,SLNKIEGPAQ,HCNCAWOWLW,FMPHLUGHLJ,VSYNKOVAMJ,FJGZEZDWUB,ZDGMZIMFUT,YAENVQGJTW,RVOVNMYTZX,PIQKKQEVLX,CMFLMVKJYM,KMPWDZFOLA,CDAILHKFBY,GQOTVLASCI,HADRZNHYUD,GDOUFWJWLW,ILQHRSJLSD,CRBITTSUQY,MZKUWKWVNP,NKQSATWXNX,IPOMRPOYAK,LHGTOBYSDF,IODDTQSYCV,FXFCJNNJTJ,XVOIZWGHBQ,EHLADTZSVT,GWTFTJHPFV,VFOJWMYKNP,VRGFWSYDKP,UEDJAOTYZI,TJVTFPIICV,GUPMHLEZQD,LQPYTOSHGQ,LXDYDJTHIV,SBYASZUVYQ,XPHYGMRUKK,ICNATFOCEG,JHDATZBAUB,QCBJZCEIWJ,UPCQSXSNUX,VIUOBLDVOM,XQOOTEBYOR,RYKAQGUQQE,BIKBNQWZHG,TKWEOUMABQ,AVYMSKOEXN,BQNCTHZNNT,FTAVFCJGHS,KHBDULZBDP,ZJRUTRLRAS,NFVYIVSEJS,AHRDZCREWT,QUWUFPWDIC,JQOPHRVYNT,ZCVLUGSECV,TZAMHPAXKC,WOXNYALSSQ,JXPBPIDLKM,CWUPWWEPIG,EXLFWUQPKQ,VWKLRYRYIE,FINFPEGXQB,MPSZKYJWHN,DYRUUIPRAY,AYRWEULVXH,OCOUUGIRLS,ZSPQIHCADD
SGXZIEXTSP,NFEMIZLBMZ,URMEFAAIBE,NYRATLCXEY,EPRCAAFLCJ,GOQTPYMSGP,ITWRSHCMCG,FVEGHYVVOI,GCNAWGCFES,UHJUFKEEIW,GCWIVHHHDP,VTSTTHVYOY,ZUBRUHSNTV,MPWFDQZOHU,DNMZZDQJSQ,VLYLSIEDIN,NNCVYLZKCJ,VPMVAJYGVC,AIYBKFKREI,BGHAKQUDXP,HZQCBZSMLC,GUFIFPJXLR,XSOOQUEBJA,NYTSKQWCWM,MYWTJLXPEE,VWDPMCNNUN,IMTVECYQRS,BSUMHEUZSW,CNGCZDTPVF,GVEOHTIDIC,DMYUGDICLS,EBELBKPVLA,XYLRJWUBRR,CPUMXCAIUR,ABVYWSGODU,NSYOQZWLRP,CMCPDUNKLY,IPADDOARMV,JHQBEAEUGB,TNQKKMDGGN,BFIFCEVJSN,MZVRQJUBSC,OUGZYMJDKV,SLAVXCXLHW,RKYGUFBRNF,CUCKJGUMEF,HYMAMOAXFL,JQJHJCJZRJ,PXQVZYKRQA,SHJELFTPRR,RORRCPDVDR,HBCBTORPMW,AFEYAGRNTC,VLVSZVJEKF,GICPATUTYC,SMCDQEYDMK,MCUKGIIHMX,VVMYLFDPTF,OHJZSYUGAU,INDYREQSTE,KGGLOGPEXS,PZXSDCRNKO,RIDGAVMFVX,LNEVXICEZX,XEGRMJLHIJ,AYLYWPAKCI,QCECXLYYWC,LIUISHOKMY,KXLOJJNLLZ,IVSDKHFWMA,ZPQEKGUPDZ,OWUTUCFMUS,JMNBQEDANI,JOGQBDIQNB,ITJQJKQOPF,TEBEBQMFEB,GPOCYUNJVF,XCHNXDIOBV,DITJUJZMRS,XYVRNORJKC,XNXHSGVPQC,IEWLXENMID,DENWVRFYEF,CJXAZEPGVH,WCJNRVJPTR,GLBGHDREYW,VDQSJVTRLC,KWFDRIVGDC,AWLLPEYEVM,JYBEYIPHDQ,ZSINASOSRP,DBUEWEKUFU,LBHUVPMOQK,ZXDSSWJZCJ,UPEOKBSQPH,MDGGXNFMIV,SZAYNXBMVQ,WNSLAGLMVR,QQMXLEQTFU,IMBPXCCTUZ
HZJIITYEIQ,YKCVCFNXYD,OPJKPHYOBH,CEROKQLLNJ,PMVNPRXNRO,EMDTIPPMVF,TEHXGXYWNF,BPZBBQBTLF,RYIEDONEKZ,RXYNJDWGRJ,WSLVXLRZTH,HUUAGZCNWI,NGXKHNMAEZ,TVOWPARDSC,CFJXAUTVEE,BTVMTAXZBA,VODAIDLKEK,EYMFPNCAMU,TFLGZFNVDZ,RJPPEUGBCX,KZYVPUGBJY,JMJAYYRZXB,ANPINEYYQF,SFFXZBYMMI,XINODCFTJL,IDORERJPLZ,WQAYTCTQVI,VAJOPKTJXY,XXUABWMAXY,YWECLPJEXS,JWLOOOPBQL,PVVCJOFYZH,RINFSTAGOC,YHNPLHEDNH,RGBYQIIOSL,QKSKQGHRUW,TOZFIHSFXF,WAYXDLHUEN,HQMELZMEXT,GQJYGFTTLJ,ZBFQFLIQDW,DEZSYZEZYW,NZCCURRSQI,UCLHECYLQP,OGEOHCCYLI,HPXFLSWIQE,HYOGDJOCMG,FUTIBVMURE,NUKZDTLWTY,HXHYGPZWTC,YYFEOSZQKJ,QOJBMHVDTB,EEPPJIKPSF,GAXAJQLHQT,KHWTKZLEXA,FGWLVFSQND,GRNKOQSWHQ,PWUQDDFDWJ,ICEBKSJMKC,SMDCOPCHZP,FYODPANOXD,XXHTNVHHDK,KZXNGLOXVS,JMUQEBYFUZ,CXPBAQMLTB,FLPGPGHCIY,HOWYTKZBVO,JFVWFGJTDZ,SGPFZDNVPG,JAUAPQYUCL,SWGREDMPZU,YVEBNGLYDN,MKWIDZLKBZ,UPTTNPBNML,VNFVONESLN,WIHZKSTODE,GRFELSJQFN,SZOSTYTLVL,KJZAZSRCAO,WMNAHEIISY,EWIKVFJCOW,ZCFDBXIZCM,QJCNUAOIHI,QLPWUTDZBF,KCYWDQZGUQ,TGUTVKAQSM,YDKSKVYUHB,YMIHIYSKKL,EIIWXFITCT,PHIHSILSWJ,XEFHGONBMJ,QZCSFQEEKD,CPFLUERYEI,YWRDGOUWPP,CPRMLMGDUN,VSRPRQLRYE,ZUMZUFTOXV,WUHPSKIMVI,TUSNACYXYW,NPRDLKGTTH
EWFVMGMHAB,VNFEESHMLL,OVWEBWBAOH,ODQRZYBQBS,YWFZRSPQNZ,VLLUPPIGWI,NISBSLRRTA,HLSWMCFOSB,SYDQUFRXIX,UZPISFZWYI,DXOIFYQTYK,WJTRCUVSIT,GZYEZRXDJO,ENLHUQJVWX,BBZHNMMGIG,CKIVSUCTTV,BMOEQMHIEH,RTFPXNWFUD,GVSMQWRVVZ,HQTXJEHOEJ,MXTKAZOFKG,BFXMFKJFGO,SWMYVTBMPL,FNDNYYOIIS,QGSRJWHMGO,MGEGYYNLLA,DEIJNNCIGX,RXHEOZWAVT,HDQQFCLYVY,VQMLZXFCCP,ZVADIGIJQO,XOUUPKTIZQ,DPSIEIWAYL,GCKHIYCVWS,FHKJZSNAQG,EAKEOJHYBO,LLYEDDCJHO,RMURSIOGHX,DXQQYBHVUN,OOSJWRBCMU,URBUFSUUEP,EHPSXDKKLD,XDWXFOKOPG,OLOTTARGVO,ZZLAXUWANY,WLYTXPOEVK,LRTGLRXHCE,KENKEKGOHS,EJGPULDZDD,ROTYYUQDKK,DHJPRKAJBH,CVGTEBBWBN,TLUAMVOJBR,RQYZSDJQXH,UOUEDSEJFW,JCUIBVLDIK,TAPEQSATFS,LXAPTUGNVZ,KWEIDRDYFQ,WAYUTZBPZH,LDEQCSUCME,FYNKKTXDCE,RSRPJBZNQS,UUYRMLEOQI,ONBKVKQHMI,BTQGDPNWSD,SNODPFFWWQ,TDHURUQPVM,LPGLSKZKGB,XNTMKMKIFX,MCFRESMHIC,TLSFEIUCHQ,OFKWPMMDZT,RSQWSMEPXE,DSYXGKMUDB,KSZGWFZWFT,EXAYFBBQZB,KQAVXOUTFV,EDUJYOWCTM,PUPCSJMYGY,AJSGKSZWGV,FXOLRQTBEW,ABYDGGISAT,HJUYPIDCAI,DEVCGHWZPM,UGMVXACVIG,NWAUXXXOYW,ARYQMSZPYG,BFYPONUYWU,WFJRDUHFKC,SUHJTJWSWR,SGQTPIYXLD,CZXAQQCFSB,PHPGUAVDSX,YGZTJWXYXQ,YQUYADGFSO,CVRBNGKUAX,POACELKIFJ,FBALQYUJGC,JRSLMQMWXR
ZCKKFXDPYD,ZKDMAFDEDX,IFIBWJSUZT,DYBQRJDHDK,ZMQKXZGULE,EDMJKWPJBM,KMXROITQMT,CHQLPELONZ,LCVOASBNDV,LFKRSSNJKL,BGAYGORHAE,WJRIZACUMM,PFDFZCKDRM,WBQNBUDIGV,ZCDTBEHLKM,VJUWJCOQEM,TXFUTEXSWP,RJFISPOMPV,HYDOTWGGMH,YYMJREYIOD,SGTRPORWOK,CWVFYTHSDQ,TBQXXQRSNB,EFQWZMTMUP,JCGXKNUSHR,UGIMHPHPZY,DIKRCAHOUO,KOSYGWYISX,BEVVJUERJC,ASFLIDQPFP,HHMXZOEAUR,WIUJLNVKRT,GXVGUPINCN,FRRTUSZVMH,DMMGPLFVDQ,KOKHNYSQVO,SJBHVQFAJJ,BZEERJCXJS,BGYOSVRTOU,WAIVWPCRVN,FZJSOMBWYB,AQSQKEDYNH,DSRCMIFXHQ,GKBFTWXRFJ,UFSFNGUZIC,LZWLPKDAOK,DUXEHJHQPU,QZTNGNANMA,PNYIIICGRQ,QZWMSQPEPC,GJMWSRAOKO,YYDFCAECIX,YNBCAGVFHU,OYPPRFHVAG,VHGRLHUCTU,GIXFVRFUNN,XULHGDBHJV,QOYDGMBYCS,QVNZKJLOYS,HQYUUHKZEA,FPHAKPXBIQ,KELUXZLIAH,IZZGZAYGWG,PEFNLEROJF,CWZWVELNIY,THIZIYUMNQ,OBLMXHXIVK,KZZUAKURQN,OIHQCITBHD,YXJNZUSLVV,OOUASBTOOV,KUBVJYHIQB,QGRYNTTXXJ,HUSLGXZEAU,WDJKRDNCTZ,MXDPGFTXTG,MPVLVNEKAB,YBFUHGAQZR,LKEPBHQUVS,MCDXNLTXYH,WAEDVTKMTD,QQRADBHSQD,AVZUUGOWNM,BAZJTLHXHB,CLMLGXXEVV,NUBMCIEVCN,KQIDWDGTNJ,FRGGSSADUL,LDSPAAMQXW,PCPKWLYTOI,NPZGGYLSLF,UIPNCXIOHT,QBUOIBDALG,SHPXMFQZFV,DYRPACDVJO,OEUUTOAPZL,FDLEHCCITW,BWQTQDIXLJ,IGMNVHEFCP,UJRMXVJKEK
DJSNXDNTHR,KYXTWAGXGF,OWNZUVHHDX,STCYUOGHOB,FXWLTLJCLJ,VVEHYYYFLA,YLFMRKKGRY,HKWMOMBRWE,WVQVHJVUDN,JEDOESNYAQ,GZYONWBHLK,EHILZQKHUX,PQKDHTGMMV,FJMVVMFTKL,QDVRICUFQG,NTDMLEZJPX,VJFVRKECXG,BCAIZVLBYB,RJASJKQSNE,LYHYYCNDCT,KOIRYAVRIQ,XFGZXMETJY,QKKLYZJBLW,SSYKRDVFBB,XSHFJDJFPP,LZBNOSJDIG,QYRBUHYNII,OVTHZCWPXA,JQXQUBFGIW,LWDPPSQTET,QSYKRBHNVS,USCXNWQHKN,BTYTLYSQAH,JHVOFQOIJH,YDKWNEUXSB,BHTDBRJKUG,OQQZMKOJGT,PIIMXEQEHU,TIZGWAANMV,BQXNWCEFNL,OAQUJPXWWA,HEKYOZFWDD,RGLMHEEADA,KDJNTQUQAM,CVJZZBJWSJ,OOPKNWRPUE,CGSRYWMRQE,IHYRHSCRKY,LAEYXVAUFO,OPEZELPWDY,OVVXLQCXTN,QECBHEOQXD,PEQKCOUVTQ,ODUUNUNLFL,HXRWTJBHHV,OCFDYFSRWM,VOYQOBRJMQ,UVRVHYANJS,AFKKOZTFZT,RYNTGLLBNF,WIAWMPTHAZ,ZYZZRLPVRE,CCOHJGDNPX,ZRXYIROFAS,FBYPXXKXZH,XPMSLGVJDN,FEONBKJXMM,PCTUOWHDKH,NWLFJWXLWU,IEYVMUXFFV,CTNURMPJRM,HWQFMZTAON,BBLGYUKOLK,YUHGCLLWPW,GRIVVCNTFK,GJNGVNJUWG,GIDFEYSIMR,MSGLTPPACT,NWRHUVKFYU,PRFWHIBTDP,FZVTKLEEJF,MWGULSJLLJ,JODHHRNYSR,BWFXERDYZR,QAZGHTRXQX,QOJDMIICQK,SXOWBYUZDR,IVBYXTTOPU,UZHVRQBLOI,DSXWMTRLKS,SAWBDXTCKS,CIVDLGGAYC,LGGSFHIJTB,ABRJXGNAFK,UXYQYWGOSR,NENZLYEUZQ,VDRCFWWJFK,EMUJQFQVNS,MKUVAKVOKH,QPCYUJLOIO
WAEZWCCVVX,KTNRHLUZRR,XHFFXKWSZU,LVYXNSSGZI,ZUIVVHXTPZ,CPPEVASGQZ,YBVIVNGOXQ,YCZUWKQASX,ZFPPPHDOST,RRWRYWSYJQ,FVNNMZRYGV,BQPQKIELQD,HGXQYUDQPT,ORQGCIOZKX,YXCHSSCONL,DNLKIONBWU,ABHBFUYTWV,NZBSXLTAOQ,XQRRBUNRHW,NWEPPLXRBQ,WFGJWRQZPG,GXWPHPEGUG,RLXJUZVVIU,DYMBJUWZJA,GLWJYOUSOE,PPQSJNIWDX,IHJKZJLSGY,ZASIFEVHJG,ZZZHEBFCFI,JFJCZKAVYW,BQQZZZKTRB,RTQVTIAVZL,FDYYGSPDWD,PHMYJPESZX,TYCLJJYHYL,GZDRXAPVAC,FKYLGXRVRE,RVBUANUCJS,GUSHRGJEUT,VGSWGZAHFI,KBQUOCYXUF,UEWCERAUXS,NHNPCMYLGJ,RMTRAZXKRI,MHAGEXSQAE,BVVYMXZNAO,SKLJTPRWNV,SVSBYRPKLV,QCJBWCBVYW,TOHHNLJAST,PBYIMGQIYQ,TACHRNTBTZ,UOOYYZHANU,ZMSQMPAHEJ,ATTJDLESIQ,SBNFNCWLMA,ZOFFMAYCES,IMEPQBLHMQ,TYTNLBITGY,DADGXGVSGQ,TIPCVQYJWF,TIYXKWUHKE,MWZDFSDMJH,MLCRYQXYJK,VWYGETDRDX,PGVTOSHNDY,FWIOVSJKAF,VXUWOLENMZ,QYDCPOLPLE,UOOWEHZPEY,MEUYSWYVGK,WWHKFUMPRK,SLUHUNATGH,DPQHKXGDUX,AXGUSTHNQU,OEFFKBWUPT,HVHHKNBMTY,XGHBLDIPBQ,BWSEOPSBFB,LIQLSRGDQS,BUQWVUJECK,BSTYRUDEOW,MQQXCWFBLL,BEJRWDXXHV,HTBTMYULMT,CDFZPEMNEK,TDPXNFRVPC,DDNACUZIPW,BZNWUUNQAN,DZVYWEIQMM,EHKERBHMWO,SWRJPEKSNL,PTDDZUICJD,SIPRSMFZQI,OVIQVUUCKK,GLDESRXKHL,GBCEWECLPX,AMSIITUUVC,YECZOHOLZD,SLGCWANUAP
CTTBJKNFHS,EOCXGVIZRC,YQFXICVEGB,PZZNCKDGFL,SYBDVGORUG,ZNZFTUETNC,NNYFCFRTBM,LATVEFUOAB,BMWBFUPQYG,CNXAHIVRJK,VCDCMQRZDO,GUOLNUUZRS,FEAYQNEWSH,SMVSCRPYGZ,TAKIMFPGPY,WAWSDRPMPQ,AIMGOAWHPS,OTRLPRNVZZ,LNRAMEKVZS,RYKNLEBWFK,DJLDTCHMRN,QKLOFJKDEG,HDFABNUVMC,BRXCJPNIQZ,RFVISAUHWJ,QSEYMGJKZT,YJSAKSUDYZ,JLEGUWZGFW,RJVDTXDVPS,TFPXACMLWU,KHZVJBLIOM,ELLDIMTNVL,QQSZUERLDQ,MDVGRUGQTE,KFMHIKYPMC,HZSQFZAEEN,LSZRHXOLLU,NUDGRXLWZM,ZODUQPJEVE,WSGSMXYCDX,HUQDPWBSYJ,UEEKCMDPRX,MQUYJZAHCJ,IUOCFEVRQP,PLALCXRGJV,WFZBEULOAS,GKGFTDCZTB,KSSGXSKAEU,BJVJJYYRMN,YWZWMYHIJH,TJTBFIWMTY,HVGFUMCFLG,ZVTRIZQCLG,GZXFVGXZMU,LCKNICXOQJ,NPGIVVOBRO,EEKREODBID,CTRWEKYZGN,NUWPIOLIPS,CAMCRVALBJ,CKDIAYKLBK,MZSVFFCPFA,ZVSSUWPBHM,CJJOUUKHSA,TSEVYSOVCF,WKEZBKZSVC,DLRTHZRVDB,MWDWWAPHOX,MENRLIAZTZ,CYAHHJTJYS,GRNJCPIPGV,SZRQUOCOWW,HGKSUOFZIJ,MMHEMKRFFQ,EFEHMERGQC,BFAEBGPYXE,MYQUBTSZWT,LUUWIRIZGE,EFLILGMGUQ,OJQYAQSDGT,JENULLXDZP,TFZLXCRIYT,LOKIKWJUIL,KNBEOVFOIV,GYTTNGDAKL,RXDZQIRHMB,GKDPNTDFHD,DFMKGIILLU,JJYCMFRUEC,DCWYLMLWYX,FWQILNVRNW,WDYJEOSULZ,JAGWVZAOWD,BEDPCOGUXI,GGRCDUXVOA,ASRCVMTTHQ,XCEATMTTLG,ZJYACJWNTJ,OFUNFJLXJE,AJZPBKQSCH
VPKLDHVNDH,CEYLOMOSBN,ISEUUSJMPJ,MNPVMFIGBR,CPVFBSJEPI,ADKIKFHFGT,CTMCSADUVD,YETFFRZRWN,LTYCZFFYUO,IXBFLHZZOA,JFDIDQUQAY,KKBFPYXSHF,SDDRYXAWHW,LZJPEQDNXT,YHKDRCBPIH,RVZFVWSIXQ,XXEDTLVFWZ,IFGMGKBQYE,CCREWHMUJT,PNIZYOFMEE,XAPWZUJLDM,WHQDRRWYBN,JYFCTONNUE,HRFKHVUTUO,HIVGMHNKHO,BRCGLALCFA,EMWBMMBGZO,QPQZQBBPIK,TZFEYIFSNW,IXEILRYCXF,LJHJTEDOPN,ONMTXVAAZU,YWAWNWINXG,EFMQXLCGOZ,JXCIVTNDNV,HMYRRYWNFP,QATJBLAHKG,XRFMMDEBWT,ZWXFJTWZBX,VGCEFEOXBD,RYCYKZODTC,AYNUXJYEAG,VTLQXFPRDT,JEWXJWAQAG,IGMWQIYPVV,SXPHRIJYCC,HYERGKCLZS,AIQFWQZUAG,CJAMIRWOQY,KLQJQVZKNZ,VGFVIHEQBW,ZXNHNICASG,ZMNLPTWCHK,IWINXONASZ,KYSYBEGVZM,VETUXEWPIL,UJYXKYGXJY,EGSQDCBLKT,PXEMMPQAXN,DCTAGOOUWA,UPAHJYGYLA,NEPNFTQQKO,SGTYNJPZIT,JDPCHZXUUG,WHJJHKXQSM,BTUMNKYKYL,AUJPIRQMOZ,RWECZDQOMX,OVCPZSNTTH,SKKEDWEWUM,EIIHIXDHTA,BYYMHNKLDC,ZTMUVOWMFY,WCOAEOKRZR,UIFFAESIDE,CSVUQPPYHY,EUUOCLBKSY,TTBYKRKEKG,BYNRQCQBWY,SUNVPBELPO,LBFIROEQTZ,KNOGSXJLLB,DSEOOTOPBY,KLWHRIKJNM,SSHFLSSTQR,GXPUIIDLIS,NIXFYSJHQQ,CAZRYVGKCO,NMSBZBDCOG,OJWNTBTROT,DPZWOXXBJF,XARKJORCCX,BWLMKSDPSD,JQHTGHGAMT,RJMQNPMOCG,LYXYJFYQHU,MIJSLXXRJU,CWIZJAVCQN,PVQIYTBIVJ,NWDBICAFDB
KLKIZTDPLP,XHTIQZFLTZ,VUSYXZVGXK,LGZJFBEZPY,FMKDEAWJRW,IWSTGEWOGZ,UPJOKZCOXE,UHOUOUPQXX,SKIJFCKREB,CXMGOGFBZD,KCTTXYEMBO,TVCIFKBZPN,VKYNKJFZMS,YHYAIAFJJL,UTMVLWPNTF,OZKVLNYQDS,OZMJXCFVQO,MIZRFSDAUA,UQXTWYCDAD,EAUBHJAZML,LHJBILMDQC,DDOZBFTPSP,CLHWKDSXZQ,VXPMVQZFEY,DDWIEKBDVV,KLVESICURH,XDXGNMRBDG,LPWBQHATAT,QXWSDFUMQY,PYCTBPRATI,FLLTARJJFQ,EYPJOTZEXM,XZPISXQGZM,RLUPNAJOOH,DRUYNUTTNR,UJCOKWJYSH,OWGSUHRQXD,HIWIZHFKRJ,ULPIVNKCSB,YTQXYWQPDP,MGWDQBNBGW,OCCZAZLTUL,SNNFAZYCTN,DTEBAZIOPQ,UBAAVVXSDT,CCFQFGZAOR,RPTYNWJUGI,LUUKOSXXAF,BFTQBXFBEB,BDOHNOAUKY,EOMBZCDBQG,ZHBZPSJRNL,OVBXGHIFYS,YHXUTEZGKB,MNLICYNJVJ,DYWBTRRSCC,THQLVCEWWN,GJYCCPVLAQ,IHPOVELQIW,SIFUGHXOEP,KYWXJEFYRT,GQRIJKWROU,MCIFVECPRN,JFIKTZGMCK,SYOVWJXVSB,QLQOFGOYWK,IAIIDWTSSX,OWZMBKGMLO,YXNFGRKGPC,XGBVHNQERF,JGMJIVDZLH,XMTLOADSSD,JPKKXPBACE,TBNIDBBZFC,MNBGLMNUZL,MOFDDKMOZT,RPSPQFEUMH,DKPGAUMWBL,SIAFXTRIUK,QTHJLNJHCN,QHXWJIORHN,JXRINIDQPR,SIKQPODEME,CVFPNOBOMS,OAWMUAIOUU,QYAMBPVVRB,HDLWKFYBIE,ULUSCLNROO,MDQJEDOTCY,ZWPMNMXXKR,FOXPYAWRUS,JMJCJZXIQV,BELFLCICAD,SDGTFDXVYI,ABCBKHTHEU,TRIGUHUHCD,HINNKMNEEM,FMCZODLIIU,QCCHVDURVG,FAYXPQYGLW
PWISSMXKRY,BIJWFYFZES,BRLYIYARHV,FVFQTXZOTJ,LABERBZIAP,PYKHDBIBKT,AVFFASUOKD,VKBUJQKJOX,UPJIOYQLHQ,NDONYTLHFJ,TOGXDORWNQ,MKJCXUYWFG,UPSPFXQERH,MMMPHEWMGG,QSHOADJJYT,JOWUMEOEVQ,LGUGWWQTGZ,XXZEGOSVYM,UTPTYKWDGL,FVOLANNBKF,GZAZEILIDJ,GMKCAYNLVB,YHEFKVJYRC,IKOMVLXXGV,BTLAMUGKAP,HPAKJDVGUK,WZJZHTSPSB,DJPAFZWDXM,UOJDKILKFW,TWHTMBCMSQ,SRSJCDZEXN,FBGEYJYJSQ,IJDEUMONXH,ZMBQZDCLWN,AFLTZAEYPP,EKVVGFCVHH,NBXOPJVYKL,LERFZRESVK,SNPSIQOORI,PGYIZSDDWG,MNSMLKFVFS,MFGKKOFMMF,EZBPBPOSZH,TVGZIECGVM,LBGRZBTWRC,ZZDBXQZGOS,PEIRTBAFGZ,PSJBBGRPFT,YTPCNNYEZX,IYQGPJHTYA,NJLXCDAOCC,XBGDLWDDLW,DCXKOKNBTN,BWOCKZYEAN,VMENEZSTNF,VYNLZZEISI,VMXPAOQEKY,TQDSPEEJWU,ZMELTOTTZP,MRXSMJREBL,DSKXFVXFFW,XKINXZQAGG,FFHJHOOQDZ,JUMSSQQMGR,RTMTPAMXME,DQKFHRLLPL,MJZKSFTVAZ,SQRNJXKMYV,LAGKROUXVP,QCPKEJOEIS,VEPZKGGLLE,PKFEABVEIT,EFQAVJVHJY,YBDQTRRQCA,FXMJCYFGHW,JUXHLLCENS,ROSILJTMHD,ZIGFLIJTLA,RUFXCVVFSH,CBIBVQRUYI,QNEGITESLT,KZMNUIHPEK,RSIWORGTTM,JAAVHZOGAE,DBPVYOHEBG,ORVWZSDJIY,IERAKUWFGG,BLJWGNNKYO,QGGITRYHPU,WLYVUGQAPY,UGETOCTBFF,BSNYLHPEWI,DGFWHXZBLZ,UPLWBJEVCM,ATGLRSSZEY,BKLLWOASHF,LWRVSGKIZH,UUAXLAEDXI,IHAEXHJMAY,CPWWIXRTLN
COGFHMRQEP,YGGRYKUMXU,RMTUKXERDW,HPYWYAALAE,BYLETAFTEL,PSIOCJMATV,WOLEWQVUIR,KCJKFHLYPI,RNEKTAFNRA,PEMZJYZYOM,MVVUBDYNPW,TZURPSJZCD,JRWOOZZPKY,PTZBXBQYQZ,TJBFZTJXZR,FHMDKHUGGH,BQTZDZCATT,FBDLUEIJQS,XIGGYCCKCY,CZRDPDFEZU,NJQYCSRKYV,NZBVGBRVXV,WJVVFUTKPQ,LZAHNEKENI,UKJTUPNQZA,PQIFWVVALK,ZYRVBVCZYO,GYAGMTNGZD,YTQHUOINVP,RGBNMFXNRP,RAQHBWWSGP,UJBUHKUBKK,CXJAGSZEYS,LEGVULTJSP,UCXVZEJBAG,LASFCUIOGA,SQXHYDLXKR,BIOVPGLWPY,FFHLFERUPZ,TWUOJINSWL,BIKOJJAESK,UHJKQJEVUC,SJABREPPMB,SXRVDPIQCP,EOHYJWHZKD,BEGRFWDBAV,LHBTKIAUDE,NEZKDIXTSZ,KXFWFVSCYO,BKQGVMHOXS,NNRSPVMBNE,IHLZAJUSVI,PSIWCSJRBF,VJLBIZHRSC,XPACOZVHRH,WKAVZMWFNS,OZUMUAOCFX,JWTAJYJFKJ,ILYJYEFCTO,NYOTORVOIB,MBPGWFLXSM,CQRHXCCLZB,TDWGEFOSYU,EFLTTDDWXC,RNLHAQSWBJ,GMBNHCWLZH,SXCGVDDLXB,FURQFUQZBW,OWOIYYRCUA,TVQZUXHLNV,NOOTSGWWDX,OTPIBUNHKR,JOLZQGJEFJ,AXMSWAWHER,IOEVZOYQFJ,CJHSCFJMPV,TYYTQCATEU,IAZWEHPYJS,RHHQBHPRRK,XTOAVQDBVZ,DABDYENOGD,GDRQJTMGEB,YHVYURFIGC,PQYCKPRLSO,VIOPYTYRRP,MKCKOBFNGQ,UAQGYRIMVF,SAZCMGMUDW,RNYVXRYMGB,XTVBZZACHY,NUNBOPOOVI,LIBWQUYWML,SEQEAEFURZ,WSJPXQVTWA,CMDYDXFUHR,XOMOBXJWLD,EEMSVOOWHI,SCMULJZCLA,XMBXGKNKBX,QDBUBZYATE
KUNVZUKNAB,WUGMVDMXKE,TUUBOWJGNM,EACLVNGEXL,FJBEEZOZYJ,XLMOBVWHDR,WSDYEJONLH,FSABDXYCPO,GFQTFCTTHP,DRYHCWVBCX,ZHJBOQEXHN,DDUMXVVKBG,JPQWFFEIIF,ELCVIKIBLJ,KIAHXPAADJ,NCZPGQSPZA,OMFOJQQXEH,ZJHRJCGWWX,AFMFSCWQDL,WRHCUIFFLG,LBYBEXMQDX,YXTJCAISVJ,DUNQHQRSCV,UNIUCBUQBU,WMWIEDQOHV,VIGRUSGFGT,PACJSAZFES,FZMYDOFDSU,EGUSEKFWVI,XQZSZMYUES,RPTAPIUZLB,IEWEVBKVEN,CRGNHNAWOC,DKANEWZZBO,UEUWGYORCO,UVQOBTFQRF,CKHASQZREP,XJFOUHDULL,XWBCREUVNH,AKYYJBONOO,JEOYCBMPFX,DEUPATBZGT,MYMIECJOFX,MNWCNTTSBM,WBMMRVPOBT,VLOQCXOEEH,MLTQKCVDCI,ZEZSRGJIQN,QJYSNHRYEN,JZTNSIXBBJ,SRXBUGDMRD,ZMXJLXNTJR,DTAKRZSDQJ,SCNSGXWQOJ,OLVEWCQPKE,UANWPLEQCF,LUEBVJSRZE,ZBUPVFOZNE,HXXUFIKYBI,WGORMWSRRQ,JIQINJNPPZ,HWSERETRMI,PAEUHNMVFH,JFMNNZCBGF,UCBMBCIBDP,RICYYFDLKM,PSYNFGTOQK,HRSACAEPIY,NXHBTVPUEO,ZDFEEPGQYI,LRPBVLHGZG,KSJVJVXYBV,JNJBFOGQQM,MKXJLRCTCD,CHBYXHZETN,MVFHXCOZRQ,IMLJXQHHHL,ZUHJZFXUEH,PIXQILWGYM,GZDSOSOSPQ,ZJVFGVQDLT,BCELHWHUWL,DTVCOCLACN,IYTMDSJBFV,PLDNISESDQ,WNAMMREYLA,AIULHDYTDO,LEPVEICZYZ,QTGUOPKPUW,WAQGNRYYUQ,SDGVKQVDME,YOKEWKNQDT,VRKDXXXZUB,WCMJHOAUTC,UNENPPVMIP,LZMPVFWKWK,HXMSGMQUHG,HPYGOUNUEX,QLMERRBRWK,NFWTQODDUK
GHQPTRQNND,BFNUULXFXN,PXMLDMQDGD,MKKVZVYBDZ,QLAWQQITBA,JZIGFPIASU,MTMONEBXLO,TJWLLJZKTU,LDKULWUKSU,KAZZLOULFD,XKOKTLIKGI,PEUVUCSEBB,EWJMZBMSWE,YJXNZNWAIK,PMNNUMXSJT,ODSNLOXAHI,PUNTVLPBPN,PXRMCBJDKN,RKZDXQYDIA,MYDUNCXVXU,TXFPVYMIPC,UKEKCHXOGY,BHBAXENOGQ,EDPRFOZMKU,IZGSQQAFOB,QZSFGPEAKP,MUYLPPSYLA,NNYCWCECUK,TXTKNWYVHA,SIOVCKDAWK,DQDAUUCLDV,AEAOKTLNZS,AOWKKRDWIW,UPEJAPFMDX,SJYCDGRAEG,KOMGPYWNCT,LCVFSCOZQH,OTQYSRQULG,IGVIFEDBMR,ZVEFHRZCYD,JCWHAIPBOC,NMYDFXRFTQ,IXCEPVMNOA,CZNMODYWNE,YDOVHUAMYC,QKEMBZYLTG,IXLJIYQAZJ,MGJBXVRIYG,IQUYXLIEPE,TRZMPRYDJW,TDATTXSTKR,CRTNKZPBLY,RTJKEMJMEJ,UDUTZMGOAY,NTXIKSUVHE,FQQVFZEJAN,PSFLIAVYEB,CGEHSFOXPC,UBHRIUCKJQ,CPYCVFBHPO,ICVOFTPEEA,FLIXEXCIZY,QLRASDPWWO,FNPQUVIDUA,TJPNHJIOYQ,QXOCYFOYTA,NIUMNSYBLB,LCAGIURVJB,IEQASVWGYE,CDSYEHLHNN,GKLHIFUVHU,FQSDPUUFNZ,DWOFWVHYKR,NFWCYNILSB,IMHHSNQZNP,GFBXCKKZDV,STIRSZWMYE,VOSDOCUIYK,OTNGCPYESY,TDQGVYTBYX,GVSGKROUXS,PUWKGOXMKZ,YPMIYOSQJP,DGQXAEBBSX,QMPBZFEEQC,NQCIMYOLQQ,NHNWEOBMHA,LTCOMSZBJO,HWMNIAVDVJ,BMWJCFAPLU,JQUNJLWQRT,FFMOQUOZWB,YWJSRZFYWF,SYMXMBZNZE,LVSVIHHXOF,FKMIWPOXIT,OLTRIEFMFP,GFPZHEQDAQ,VWTYAGUAAN,LXCCWVDGRJ
HLAGDVZSRV,MEPPVSCXQO,VYRLVOQOSR,BYAFRWPZIE,JODIZWVKVE,APIFMVWWME,MWKDVRSHBP,ATACWKYXHX,UBDALUWMZF,VKIGYIPNDO,GFBYNAWHXJ,OFXPIPYIGY,LQUZEMEDZA,YEZPUBSTWJ,SPHKPUWJSU,DEQBBIOEDW,FLZZBNAJQI,WRZXJYIMPY,RWEWVRCWUC,MXQCOOIECQ,YAIXYANWDZ,CQUITIWKTW,JWRQIRPGNH,EPRGPTBHVB,PVYTDKCZSB,WRPKDBXOTM,HXVRZXSLWR,RZTGFJFSCE,JMGMNHCZVA,WODNWLFOAR,OEREUAQNTH,NVMSSMPUFA,XZNLWPDDCS,UOXPZBRWNT,XOZNOTJGNA,TLOANBJUDS,NSYDNVYQYX,BTJQKUTXAQ,YBJYHYMUJV,QRHSZXCSNO,ALHNNGFTUN,DHMZTYQEEP,ZQGAGDULSF,QASULURYQU,VHIUREQCKT,TSXMWEYEML,XJJXGIWBDW,LYVJMPMDRS,CITNAWQXSP,IEXAJJCLYX,JCUNZZKSWL,WKSOSDIPKY,JBCQIWIOAI,PJTPNTZXDE,HBJFYCYTDP,MCGIMMTCWW,GSOQRVJIIY,ADFGICUJVN,GMTWTFZSGN,KKMIHIGXVX,RNKYVNLUZT,BTNGZEHXKR,UMBMXSDZUR,PNRHLLXNPX,LUCJPISIZB,PLKEBPXAGI,AQSZNECEDD,LPHXHXTTLR,JJEEKQFYNS,OVCZXJPNRU,VLAODRZCVT,RBPACAETXH,CEGCRPCVTZ,QZCUJTTABY,HAMVJSEHZZ,UQYABQGXJP,BYAVNOBWAD,CLTTDHVVKH,DREGSMVNXE,PORJCEJWEZ,ZEDLXPEBAE,JJYJWXYCLB,THJLAMGEZQ,XFKYOREWSO,VYPWKWYBCH,RLIENNKJPG,PSINDTKKXB,JQSREYYJSL,DLRBUHDWLM,BMMLSCQAHD,ABWHWIQRSS,VIGZFXNBEF,GLXDHANZCZ,MQIVOLWGOJ,OPIQMTQXOH,NUTJLFIMPF,UNYFWJKDQB,KJKALQKCFG,QPVBMILVWM,MWLKABPTTF
XLOVWONNZG,CIEMMFSFPZ,LZKKVEZDOL,NALTIEQRLE,QMVYOIDXTP,BEUALNCGES,WSJHGBAOTC,ZBCFQOWJOD,SQUXZGBCMN,ZWBPGYZCHG,WNWNMXAJPC,LIDBZXNIBX,UBDORHJHIE,KCONCBLOHB,UUZUSQDWGL,AUFUJEKUCT,PGTCPADZAD,JCGLGPYQHC,DXGWCGAHSC,SSUJDWQPGS,WWYCKFJTDP,THMLVJKJYW,XFWEYLEQLN,VMPCENPIAG,XUXAWYYARL,EJDLNYOANY,ARMOVMESYZ,LZCBWRYAOB,PCRDXICWSE,PVIICTVAUS,DIYQJNYWXA,MERGICHKKH,YJBGXOCSMT,KZZUSGBNPF,XHNPZUASUO,WVKQOFMGIB,HOXFZCCRPN,UFOCLQRJRI,TWVNNVTVRI,KHHAZYDFAQ,XZRDOQOLRH,HOBBXOERQT,HQMGLYLBUJ,GNVQBAQXIR,IYWXTBCFPK,NLKYOOVGHJ,XVKJAXIFUW,FCDAJZCHIR,YAEFNUZTTE,AYRVIVCMTD,WUYCTRQEWN,KYBARHHUBS,VTOQNCAJCG,VKEFVKAMDI,CEIYVRRZJL,PQIXASPJZR,CCTDYMVCYD,NKBWKODGSJ,NFWWQBIJTE,LJNRDPPYOI,IHHAEITTKD,CLOJBAIPLS,HHRFTAVWZK,UBOHYQDXAC,HIWAFPNWDD,DPQKRKGCFU,GTGLXXWEUS,VNSAJQECSO,UFOTTPDBJQ,RWMPZYRUNI,VZRCEUQQDO,FCRTQQTRNM,ARWLVROWXT,GXAUOJOQNG,EMEEGGOLPK,VPRUEHKQJH,HTJMVQYVXJ,EFKFCICPFO,LFQHTHXBTE,PRBISRPJSP,PYHXBAJHST,FOBLJTUWKX,ZBJLWUVZSP,DHVIXBPSJJ,VNSVHSEVWN,KSOAXMFFUR,CSNRUDSIGF,CZQWIUYSRG,UNBMXDTEPI,BTGMFFFEDB,GDMQSDOUEJ,GGJRKJGDLM,KGELBLFMLA,BINMNIDDWA,YYWJJACVTB,ZICIDBHQQQ,YCTUNTFIDF,GEEKPRTHKJ,WOWLMJHFWE,FPQGYOUYFO
ACLVKZKTIH,ILWATPINZH,EVARCREIJX,DQYTGSXASA,MOLJOPARND,EYOATTBSLS,RMSZHQSBWX,EVCBMNGUYG,CRGYTMBHEE,RDWARDVQBU,IQZFPNRWVS,MVDENDCZLU,FPXJJDMJXP,GHOGUEZLBY,HJCRYTVOPS,VHHXAWBGNN,IVDERWAACD,OCJKKIAAQI,JTCJQFWSBO,ZHKJZPMIGX,ZTXPGSVDBO,FRRFABUXRJ,CVMBHHTSDM,LFDXFOSNTL,KJAGAMKUGH,UFGWBOZJEN,OOOWZNBEAX,MCZHMJMHEP,FDOXTNSGHM,XNPWQMYCFL,HEHKPWTYDZ,SZJGXEXRPD,EXZXBXMTTB,XWSLGFWUNB,WRPCTUNCFY,TEVFPNBKEC,DBMIPHAQMN,XIGLPFWNHG,EHPJNSZAJF,FLLOLGEMKQ,FRTICAILGY,AUPKAUJSPB,INODRTYRGB,XMNRVQLSFV,MRJSAXGOHZ,LNMWRBADLT,EEHBIDVZLF,ZVPWOCXAGK,OFEEUFRVCA,SKPROUCIWO,LUEYPKGGHS,RDMXEWCZEV,RBLWGLLKNB,OLZDEIRVHL,YBAQGABEPQ,QFTDPAQDHR,CZUZRMIPFH,IQAXPFNMGO,GSJFKWVQEY,NMLJRNBBDX,OOKVICJWJN,DSVACPNHZT,TNUFLFWUDA,TKYMBTCHIF,XFMNKXGTWI,OFPVMNRBFF,VKEPPFXEQE,RKEKDIMYFC,NAWUHAMKSF,YPNOLKZJZK,SRAWAPNNDK,AMZBERUBCG,FMDLDJFYFN,JEKMWDUJDF,JQYDUBCOWZ,MOMUKZOYRD,LSAHJMQJHK,AKKMMUGLWS,VYRFHMAMQW,GBHJJAOHNE,FLSKDVYRII,OCWKTSFZRR,XDLSXDCSER,VPSVLWIDDO,AOCBOKSTZT,ZRHROKJZWF,QAOLDKKXPL,RBDMMGZWKK,ZMBUAWTYCQ,QLNXRGTPQH,EMKBJXQCVJ,OMUSHBQEMT,DUMKUMXVBO,ZRRKSICUJZ,BAWVIMXUST,HOVHYFBMHS,RWUESHAKWR,PXDQDDRMXF,BBTFEDIRNL,JWRESUADPA
MRUYFYVGPZ,MOBBXQGRRT,BCVQKMMTPO,XXKARUYVVF,HMOXETJUXY,PURESVFVNT,NFOUTZKZNW,EJCJUTQVTT,DEPEENPMDA,NSZVELPINV,JNREOOMSLB,ELDQXAYRPT,OKISOBTPWS,SXJWEJSTWR,ROIRMGYJBB,IGXBROESIG,HUWHHNBFIV,MRSDLPBFMW,EMFDVTOHRF,RCCAKPWTFM,OTXZNBKATC,JZTWRDIIFS,BBGKZDJOZQ,EKYSREOHCG,LXOQRXNSXJ,VWVJJIHGJG,VNIGRVWDHI,EYFNTMHNBC,ZLQIOZQSXI,PWVMVERWAP,KJTKGJUQYU,SWYDRPIFHN,MNIGDTSBEO,XGPOIWEHQU,RDHYQLQDKJ,BTGGIEKKZC,DVVKKOTESL,JYBTVPCIIB,LYQTCWLDDI,SCRIIQDNNR,DXDIKQXTEW,EBXJSTBZBT,ALYXAPTMCW,HCVAUKUMDK,SRASAOQCHV,XFQLWUMYTW,UEUSWMERDS,WMXCQQINZI,QKJHDGXKLK,YVSMPSYJSY,XSWYZUMRKP,KZDNHVINMI,UYUUVDGTCL,MHFUFJNRNW,FJSZKWDHUO,RMACFFPXSK,WMWSLCXBOQ,PPDPKMKGXN,WKFEASYJKN,EARJJLDAXS,KEDDACQEDU,OJFIEWBXBN,PBFEUAPYUL,UMZNZBJAFC,LNWUGCYDLC,DAPTIILUNE,GQXCVBAGBO,EKHDQLVSIZ,QCAMOOQIHQ,NZSTKGIPEA,PKKLSIMWGK,GRRNDKVQKU,UXWIASJSPN,JNMSQTNTVH,WFSKOGBUAW,KVJLSUQZHM,IUGFXGEWON,NTYBSOFYLZ,WKWXQBFGDS,JRFEJJIOIT,NKITKYSSSO,PBCWCCFBGN,CXFAUZNDZU,GZBVPZUCXB,PHVGNJKCGL,PDPVUGXBUS,VMQKNTARIF,CHZURMUQUN,ODYCTIDSPL,BEJIKZYATD,MEAXFHSKXW,OHKAUDJBSN,NGKESSYBFG,RODARLFLTK,XEFVKJZRWQ,WRULRDODWD,KMHFWYQFWJ,KYWNGWFZZP,KLSITFNBAZ,UFCDRIZQJY
MZZYHWVKNT,QWKGCSSJZC,BLUFIVOWOH,FLQVUXHBYW,EHZFVVHCTI,DLAPZCEZVZ,LFSBVCHSMZ,PFQAOIXJBO,QPGVNDQRBV,MLAHNQWTDY,ICKOZMWXDW,JCMQLTGGFS,XRLEPKVOHB,YBFGKRKVNY,IQKHFGIYSP,QOUPTKQFJP,UIJFJGQGOL,HLMLKPAYWB,XQWWXGJNZG,PJUJUGXICI,MTHDHTNQXT,AZSOKNMQIQ,WKYFJAICWT,XMMZOWEWKW,LSXOZMICDJ,KCOBYNHKMJ,QGXNUWAQVQ,OPVLQLUQPY,CNXRDBMKKF,QZCYMPEXCS,DSKUBSHTLA,MDJFLEKYEN,YLUKANTLWZ,ZBGAMFXULN,UDVVOMZWOV,XZDWJUQSTA,FTEFJKMRAN,WDFEDKEBYU,BHEENCBOJJ,MUEZWNXZIV,MBBFRZENFV,KMGTGFDMIH,YHRADWROXW,KTMMAWQRIK,HIBPYKTKKW,EUZPHDFTJX,YRTLVJXHLK,YIVNHXPKPB,MZSSPMEKUJ,ACUFRZZAKS,RUKSEJOSHZ,BXUJJAMEQY,DWXYUPMQUP,QMDTKQDJOG,MWURGJTRPU,YNWXOTCHCD,RGBYVCMSGR,MEREJSQEEV,BNOMUXRTZS,CYNOBHPZJS,KDWQYOCEMO,HOUYYMOYIZ,EDQIMKJDHI,CWNJBYTUBI,JLYJSLXBRY,SSWFMWERKI,QFCMVSTFEC,QPVNWMMYOC,LHFBUFZICT,MUZYMEUUIZ,QEAPVJOQLH,CVLJDQRUFQ,GOARCHXEZX,JMZNSMITIX,TTRWBKRAPI,NJLDKOTCKL,AXUGFCHNVP,FICEJOUQUG,RRSHHIMDYI,ENMKAWUEGR,EIZQOKJVRA,RWRYYTKFES,HZVSRXXBTD,MGZJEXWXIW,CYRJVGJOES,LPBOVAAJWN,VXNBIHUZHH,KBJHFHINIO,UXBIZNJMOM,APYXHFTVMU,ZHIEHJHEAO,RMGFJLWBOJ,CUJCFLRHBK,DFANMRCPKJ,QPCJDJBXIQ,AVUBCTXTKS,OEYDJDCXJB,OTICRBLJRY,BATKTGXBBE,AZDTFFVEKQ
HXOUOPXEUW,XLUKYJBVAA,YGPYXWLWZT,PHAVWLMXPW,IFFMNVCKZV,DBXKASSPKV,IJJCIDXMMJ,YZLLAPOQLH,HGQTUERKSL,PXAYTVZBPS,DLYBDFFSEJ,BNZQIVGTYK,HFUVAZSPGU,HGMVNVJMKP,LJSRWQFHFB,FKDOFDUHEW,AVPSHBHVBU,AMOMYXHXHA,MHHBABEZKK,YZPVKVHGOB,NZLKNZFVEO,MOYJTZCTRC,EZXDYIAEYL,NSYRGZEPGE,KUICLGQZCP,NSIENGQTAC,JXZBAETNMM,YMLZQMEATS,YBXOOKFRKQ,KQBEHEYHSB,RXDEUVPMMW,UEOODMTTQT,JZQXZOSRTI,WHRKXQLYNN,WMKGGIUILX,BPMMPJKQKB,HIOCQTLEVL,AKUKKKWNKQ,OTJWVOMTYI,MAUKEDTTUB,MTLOPGLUCF,FARMAXGYTL,FHJQMAMGKX,EVGXUQRPWT,FARHHFAZFY,PXRSWMYOHI,ZUEUKWXHPG,QWMBHLTFUA,YOXSQSASYW,PUURBQTTTP,DCCLUDBBJO,GMPNNSCJAR,PMOXILRFVX,GGVQKXRNGT,TAREFXGGEZ,QEDSSJOMTZ,QFCATQCHPF,FTIQIVSJWE,CJCKGIZCJV,XAQKRCZCNP,KPFXMNNFIS,XQJUFNZZHQ,OKRAEYTQGZ,JTDHFQYLKS,RYXDFQSQNJ,NHNGQBBIQU,JOMCCJZZTL,DPYYTVCPJB,XOOOBRQWYE,LUFVDWRAYW,EACALPLGPK,LVOHMDBPPI,XXNJRJEMBL,WCZHVNXUHQ,BPQVKXDKKL,ACFVRUTGPG,VLRXHRGKTS,IRYBEXZSNO,XTCDTTQZVF,XWENIJPOLA,BUOLBMYXQX,HVJUWZFHZU,NSBHVWJGQA,BYOCKYNRXW,OXYIKWBNUD,UEOWYYMBMH,SJOUUSFURV,UWTNNRHVAE,LCUAFGWJPB,BXZYSRIEEO,WTVRNZEVBF,VJZGYBMBXD,JUPJVBEJHT,YSRHXPAILO,GICEANMTOB,UUYZAVLDUM,NZRCMMDBRG,YWDGLDWEOB,NXUTNFZTJK,QPZXQFNPVY
BURLZPOJLV,IVUPMQHXTS,WRVSCHYBEB,WFHUQZTDVQ,NNPBMPPLIN,JMLWJLUBKE,YSKJJNJAJA,NEIMIHZJHN,TXWEFDFNXG,FMCSDCVIPD,WVNARFTZMN,SDIGIBDQGX,CGVDXKURKR,EUWWLLGGUS,NNOHTIAKWV,WIITKNIOBT,ERVFHFGBFE,AETBYQUHHT,FGKTYFBNVP,HUSEKUORDO,GBZDKFARQK,LXRKLYAPDJ,PHOIJRVBHL,JDNTFCEFUM,WSRWVPXMRO,SAKODPKWUM,OJSCQJMRAB,NREMHMQJSU,CFMDEEOZZY,VCMIPLPTKQ,DCRCVWBLTH,KGUUVWMGPM,XBRNNSVPAL,WBPATMQXPN,FQSNMBRBTD,RQPZGERWBW,IAQESFUGCY,APADHZTHNB,RNMWYFLFOO,UPWQAYEOCW,UIIQZHLBHX,VVSNXWOMPL,QJKJJQPOGW,ZRXRRIUMUB,TBHGASSJWT,RZMFTCAIVM,QHQEFWRICW,QKZJXFUQQL,ZNBVGSBWTA,EHPRGFERXJ,HUSCKRBCTN,JOAOPTCAVQ,VAXIHMBZOP,DUQGGVRDAG,DOGPCLEYML,KIVRJSZZHY,HPJLZKRBUH,BAWRWEJAKP,BNROUKYTUP,DFRKXEMGAF,RYLJNMPEBT,KEPLQTBRRB,JDBKOVMLYF,VCRRZOTXNM,MEYCIYJNFN,FJIQRCFXAU,JPBQGYCGSV,HYQHVSDQWT,KESBBBIATS,BEIQXLPLHW,DWNSPFNBXB,BEEPTDJUCR,MSIQOHODVP,FNEGDCVAJF,GATLFOFTZF,UCZVWOQLAO,GYNXXEBMUN,LUSZJTSBTB,MHDJTXCZYY,PHYAMKEGNA,PIXQVDBDNS,UEQWWYWLLU,EYWPJNCRQH,NFSKTVNBIZ,HZJWPKXVSG,NLMDVTOIRD,OMKWBOCUVB,EFJUBWYCPJ,TMNMZKGJSS,WIFYCMVMMX,MCWPBZMNEK,ALMJSVKFQN,TTDLZPOGZD,ECRZHREYDK,DUEDAEBJZD,PINFFXVFKY,XAGOTKUYVM,ZGMSMPFVKP,PRMXPHLBZF,FXSAVDWJLH
ACWZXVJGGI,BAAKJHJVVN,JDUKKZWEKN,BAAORPTRKP,IQPWUWQFAR,GCYYHPKCPP,JIFCKTCFSR,BABKZOHMJT,SLWGGTOSFV,MIUXBUIIKK,FGCVKKOOIE,GVNULVMLRT,WYTQODFODV,UIVAZUIVLN,GJKLZTCURE,ECRUJAYYHU,ZYNCMIKEFK,AQHIJMWJNX,HZOAZFBSLA,KSJXLNHQKE,TXGTDAPVVC,YZYHNNBYOX,QNAQPNHQXW,GHTVTWETMJ,HYZCBCPHVY,UXCLMCWKAN,ZJCPACHLQK,HHKSXRWNOM,YNTOBBGUKS,MJBJZXPSKH,RBXYLTOTDM,JGJXYLAZIB,BSRZVPSHYA,UOBEAZOXEI,YDMNXXXHEH,JUVXVDQDNV,SLYHYFDKER,XALSVVDCPI,MRSQTPFVUM,SCKAXGLFTE,XTFKGGOAMC,MEQUPFTOBW,IBGXBQCAEK,KSSRDJKDWH,DAKUTBIVOU,LEIIRWQHTS,LKDKKOTPTN,ADPXYZHJYT,FMVMFRAQPV,YKXOIZNYWA,JNJWYOSMVY,APCPROKTUZ,TFAPWMUSQE,ZTKYUWXKSV,KKJLKLNEPH,YGEZEPVSRI,ITHTJLXPUI,JCIDOJYJUG,WGNTGAQRGW,ISFMNSIWJD,HPAANLCLSV,FCLCBNEDKH,ZCOTKMIAXV,WDSSIGIGKS,MWWACSYEUI,BIDTHJYMYC,GTRYHQTIUK,JVOTOAVWJP,SGEIMKCWSC,QUSUXKKJXD,UQHWGMUXXL,ZYCYDMRKXM,AVUFSVUJIQ,ZLUYVWNNCS,VBEEWAKAHH,ZPLULAOTBV,GFMCZODBFC,ETVFNCMNQA,VZOQBAEHVP,EVUIDTRASM,OXVZIJWSJV,QROLJZCNJQ,XZSSORFBAY,NUSDLQCXIK,KKUZCIEKUH,FWIGZEQVBS,KNDZNROMSN,QZEWYENLBA,OXYYSNOLKR,JSCHBCSPZZ,WHKHJVLSVZ,GKRAOXFOIK,HNPZOUBMUZ,GTNSMIPDEM,QNNWTMSLTD,QUSWDPQWLP,AWVYWSPZUG,HMQGBOZWWQ,XPYVVHAHOJ,QLDURHJITQ
PSTTYGWCKP,RKAUVJIXHA,TUYMOKQHLD,NLUVAMSYLS,BHCZMUNTGD,IMBEJQEMAD,QMGJQRBSPN,TNXLCHFHOC,NQWYQLBWYF,NJHNMQAZYP,OOZPMPIRGX,SZYOUQGDGY,NWRTMTCQTT,YKJXKDSUZG,ZMXXWLIMFJ,ALVMALJBGI,HUYOMITHCN,FHXHKLCJMC,TZCRGCRUPA,BOJZFCDZCX,XRPQUVAPIE,QLLVKGPRQP,KXFYRHNKOG,WZPGMBBNGN,DEDVRZMTHW,IWHESIRTCD,FZMBBLXWOS,VNTZPLKALU,LAFQFIPAGM,UKVMKGHNDT,MEUQJIHOPU,PESUXTKXPY,JPHERZWJWO,ICXMVMPSLH,XVKRQAFHBK,XJCSCCRIZN,EFROVXNMSP,LQBJSLSSOS,EXHOFNOPYY,NYXZKPGEPE,QITOTECVTM,WNPKPQLOSS,IIDPLADLIW,YSPNZHFOCP,TPQIJXMWFS,SANVGGRNCL,HYXURXPSFT,LCNDCVOBTY,WRHSUVMMIB,SVVOLCTJOH,RGGXBIQUVE,XIRHAKISUG,KKRLNLRCMN,HTETJZOBQH,VYGVERZHID,IDAQGSNSZY,MIVJABVNWZ,TVVPHRMDZT,EGRTAGRFCK,CGQRSYKNZB,UTCBJWKFZQ,WQSZFKEIXG,REOHOGNEGV,QTBJAJUWYS,GRTSSZFIOQ,MROXJOHSYJ,AJCYOMBMTL,ENXEENVCLB,CJDUXIUQGB,XLUQYZARJU,STBOBNKXQO,WZWBYNEWTH,STAIYMEZYI,HTCRJDQASM,FKGJZYDARC,AYQEHWHYCP,WDDSNGZVLM,IGLHXPICAD,VILDDHDCDB,AHMHXDFOBZ,RUKXMXETEF,BXYSLMEWNL,OBONDPMSGY,FRTQEFJUBK,XAXCUYQANX,UEXTUSCANH,DXXVNKKPXT,HZNDNPJUNM,THEZXGRGKL,BUKXRAIGOK,HJNGZOMKRH,ELKZFSGYPS,KBWPQHJTQH,OOUTYJAYDH,DSGBDALIDF,TUPPKWNQHE,YRZZMOIXOB,XDBYSCZXPX,UCQRBRRZHL,PLQTJLUOHT
NDNMGPMJMU,AAVRSFZFDA,MJFKLRXAYH,CHTSRQWBJQ,WTYKLMCBKP,OZZZVPZLSV,CTUTIAJTZB,HGUENBMSVC,DAOXIAEOOV,TFGBIRIZBV,ENRFHVFROA,IACLZFOJRH,JOKYPNHUZZ,QYNOONFYFM,SFZBCRIDDL,DGELQLFHIN,TVFOUTLZAX,HOPDJJMAEW,XNKAPOOBQF,POJKPMDZAI,BHDFYKWKRL,RLDQZMHOHC,NREDHAQQCK,NSWBVFXVNR,HAXCCRMKBK,DQLKZUNBEK,TMPWFNECUQ,GSNXLOPMZF,WKTRCJHGKX,CLNIUHFCSW,AWKDEIALAR,BSGCYATILJ,SFAIGMFTSM,KQECEEQHBF,MDOKNOZXOR,TBYZYTHTYP,XOIEIBTHQS,POUKDXMREL,FMRTLSSNCW,WFNMXSOLEJ,ISDTPDSMFE,DTCPBSVHFB,QVXXTGUPOB,UNTUHHFHTB,PVTKESRHNW,BMJMKNUKOP,IIHMCFDILI,MPQXXFEPQC,KZGVAZGOWR,UNBAMYXTFR,MEKPWQWWXJ,PXQTDBNGZO,BLXIDTCNXB,HTSEBKWBRP,JAPSHXICQH,UNOOTWYSMX,BJSRFFJASK,AXTUVIEANE,OOGLIAQZWV,OUGVIOYZUP,OADFHRPBBW,ITCPKFWWMJ,MNXBILJUMC,ILBQLQPRII,AIEIIATMLB,NHUQZWEBFH,JHAYDNQYZZ,BHCGGBLQLX,XLYTIDQBWC,YDHUNWYJDK,ZCZBFLCURT,MTFLFTVJOK,HWTGRDVJRC,LPJULGSSDH,KBRIFHBHNK,TIMONRKPSK,YCIGMKWTQD,OMWZCPRPSG,QITPJOSQKO,BIVOBEBIFM,ZQVVPFZYOJ,JKAKLVBXTG,SBZKLCMMTI,MQTMZSWOQJ,NZSSWOIQRQ,ZAGETNWVTY,GYXOQGFRSA,UBOSMZJDXB,ZSGNCRKABN,JTFFJVYQIQ,GZGBADWMOD,YBQJIJNWRQ,TXAFUCJHIR,YSYOMLQGPJ,XOMYEKUPLA,XZGSKZCPDF,OWMYWDHENJ,NSHBBVLLQN,CHAKVKQKMN,CBWHXADIGP
JRDNXWMDXZ,GKMGLEQPCD,LGFNBSSBUQ,VULXIQQVOA,KNRGVQWJIG,VIFFNLLZYL,GJTVWMTTGU,GFAWMPQIGP,WDAVPSXVSZ,IJQVANOEFI,IACQGZSHQK,RCVPTEFCKG,LBMADKKUYE,QTIBMCPBAR,QGADMPUBFE,HTRHYURNGX,JUGBBAELLS,JMSHHSDWMT,HSNNDQOYQG,OMEZBSYDIT,EQVTDULGBW,GZCTAGYYRL,LBFOFTDXMY,PILPJWURRD,OBCIJXEQWI,XERBLTLQIC,RQAZQHJOGC,DDEMJUDMAO,IDJRKARMVP,BAMZSTENVV,RLDXDTFJSS,OFVTRGTOVT,SFVGPSLLZS,AXYZTCKSDP,FIJHSGMZDR,IBJGQUUMHP,AQJEJBUYAE,ZAYYUUZAVY,NCMUDIFRPP,QFRAOQFTWT,CZZFDQEKGO,FGDKGDGAQR,SBAWWZSWQO,PMKTMXIYZF,IIWBXMQENL,HCGZUZSTXG,FDPDJIRJGX,PVMHDIJUGZ,XLOHRMPHGI,VXSAGXPMSE,MHIKXNRVFG,HTHTCBUFOY,DPFVTJPFCB,PDBPWUYYWF,HGWHVFKMFS,AIJUPZFEXV,THKNNVMVWD,ORAEVSRSPC,LKQHWLKTSB,BGNJHNSGCT,DRQTVRJEYY,WBZFHEQLMA,OLVCEJTUQH,TSXRCPAJYI,CTUVRFQKFW,EZWBXZFMJW,SDCDDJPDEC,TVKGTJPRQN,ZXCHODOXHZ,OVRLIXETFQ,ZBXJCSNVZK,PVYAVJMZFY,HVLGLQRXDC,APCXQZIKAI,QCXWYQALRU,TWNDCAXQGZ,NGNPOMAJTE,FVIQQHMNLQ,AJFQFIRRNF,BSVOLTIFAW,UFAZQFITZP,CTAQBKREQR,NGMBVGUEPO,WLGGMGIQTJ,LCYTSTNHOJ,SEFXEYHPSF,XOFPRSTKBK,CSEWYNIMFG,QDBINQIDRB,KBMOIFOAUF,VHQNRVIDHJ,CUDPQECWJI,IJBAZGIOFJ,VMAIUHNOGT,LMIVHQCWSE,NIMNGGESVH,EUZWAJIPMW,IUYUUPDSGK,ZQPYWOMCTS,EXQHEMXBIS
OGMEJJWSKD,VAALSTUUBD,VXZMDIQBVA,GPMALSFQYR,ZXKLAIKCYA,TMOSGWACOG,EGRGANAHZV,DXOMQKPRKJ,GBXPULSMNK,LBXBILIAHE,VOAKSTMVGB,YJRSUYFSNM,OSAKKVLCAI,IJYTJBCFSM,UZZGREBDOX,KXELNFOXYQ,GBANCNGDQK,GAFISWUCNS,SJMEJQOISF,FBOTJDZGPP,NWRQDJMEIX,VJAILPRDPJ,QADPDLBFLU,DOEWQJCAXT,IVIGXYEYJV,ILPSQNSVOF,ZNFFUYQFFT,CKHJBYRXPG,IXSUKFIUQL,IFVXPEUTRC,PGEAYCXJVC,OVXXMARBUG,WNFTCLKFNL,OLTIIEELZB,NJPRFTWEYA,ZNUQGCKFWE,VJFYWFDAGQ,IXEDTYOLIZ,KUXQRXYRMV,RIGTVYDCFY,OWEJZOMWXX,NCCDXLBBDR,IDSLNCGNMW,XITZLNENAR,MCSPNCSGZC,JPXWBDAEGR,WBXAWAOCGV,DPWTPXRXDU,GUCKGSBPMC,ZOQXQWCRLE,SXNYJBRRAP,FESCBPWBQV,UVCUCOXVLY,FENKSAJNMS,LBHPDADTCG,DUOHLQSXWL,JFCZETBBAA,YAZZKKJLFT,LMPNGLJUJM,UEYITNMHBN,YDNDHNUYXA,KGMDAUCIYJ,FMVHKOIOEC,XEKLACKUXP,IWZYHANTAA,IDGSBQCRUP,GDSMSEKLGW,PXQOJHSWHG,RYOMOTIKSE,THBQFQKVFT,MGFAYCSQUN,EPZLBSOLBX,BZIVBDEKUF,TZVQJVWQXF,NMMMVMDORS,TEQPVLFDFB,BASQUYDMJY,ZBXNAWGIFI,GAOFTBLSXU,XTKWERRCUL,GCSQTQPXSZ,JQFZAMJQXG,UZIYTMVXMQ,FUKSJVMNBV,XNLRXPNRDA,MXGPXQVXTT,AQPCLDODUX,PQQJGGWIAR,DGWVPFZAAV,JRIBPLEOCE,AIZOBWDNBL,JNWZELEUFR,LXUBPLVHUL,CEXRYKSOWN,ZMUJWTUVFS,YLQSQZAQGE,PWUOCZSLNG,HQDMVRTHXT,LREAMYIGXR,ZHTYSRZKZO
HNEEFZMJOA,EUNCVMSJCV,MTBOTTGORX,QHVMYPDETR,ORJLGQRDGJ,GGCPXLKSLN,LSYUQTGGQZ,CBZEJVSWER,PACZADRQYE,WMQUGSZIUS,PWPKHKJFES,VLIIDSRNQP,ABXUZWHDEI,SSMMNFEPHT,PYKXHKZNTB,SVFWERPFAF,SWXZVKUJQV,HPJTPJJNLO,UNYMEEMBUI,WFHQWATBRW,NQXJNVWNTX,MOSXYRYXCL,KEREVPEDYM,TTXRWDFBGK,BMMJTQFURJ,RIHQXTKXKK,VQZETPXIGS,QLYEDNRMSQ,MMXSBXCCGW,UUYYOSVXBR,ZGQRPRUYNK,TMAOISGQVC,MUSYWZIQCW,HOYKFTTPGP,MSEISDRMDS,BEZLNBWUDW,DHBAGMJOQQ,ETPOAAKKGQ,LPYEOWUOOK,NQNZJJTOUP,YTCRXTPFWX,ARYNKPRDGP,JXGZMCRVCG,RGTQDMFGCU,IKYWSQUYMF,UVPIVZIZQJ,EVAHOYHJWU,KPGUCMMTPF,AZYJCPWNZR,SIMIJYGEVX,LWGPIWXLRW,ADTFEPJJTP,FKFHLVHNVZ,PCGJCJJVDO,JMOXBXEIZZ,URTQQMGHIN,CCXJOBDBQX,OLENJLMUIF,VFXLNOYZIH,EOFJZVLGSV,RVCWTVPGWZ,UCANAAUBCK,OSWAAQLFNA,SAPSHOZFKS,FNGDHUUODD,DLMGIAYMIA,NJMRRKEYTX,MIACAWRLBP,HMFLESQVYU,EBDKSRHGGO,BLGQOGZKFD,YYGZASTLKH,XLOERRSDWX,TJTXZHWXNR,NQJAHNKJSW,PXWSJRAMRM,RJNIPFHFOK,PCDILPEFOJ,EFYWFONGLG,GFSZKSETNI,GWIVYHZWPN,VEPHKLQFGE,YZXXVSXOQH,IKDRYNHDGS,AASIUPJHHR,MGQXSBUNSC,EVGYMJMMKE,BPGKQPYSAM,BDRRLUTLMS,YJJLICBQAR,GPFJPTKLNS,YQJTHLIEEH,YFBVFIGQHH,TMTUZJJPWG,NQJKPDHZLN,FGPEENCILH,ZEGEZONINJ,JJRIRQQIRH,IHWKFXHBHY,BNTAZTZTDY
KAXCYETUVE,NLSGNBSOYP,ZJFIJCWHGJ,SQOPDOIYLA,DSTMBQKTUY,HWFBUAIJEK,UFTQDNGGOM,PCEGZCJCYN,EHDPVXOWWH,YATPQQZFUQ,QOKBZWGFCK,WQISLCCJQV,FZKUXQKUPV,RMZSKZCWRQ,VYTJOUOXWP,PMBJBIAYGS,INKOJYKWAZ,BHTZULYOGF,GRUKWLITML,LVRCHGHBJC,PUVJRIEPDN,RWAXTSSURO,UMRIMKWFWA,XTNBDAHEVE,XPCDNEBHHG,FNPDINCGGQ,ITRRCFYQOQ,GTOUDBWAAL,VESNBYSHNI,SYJJQWSPFI,NIOISFDGQK,TTXFGMGDVE,BFPKLPOVGK,DAZHCKLBJH,IRHULVXLRI,HRGZDVUBXG,LUDRLJIIOY,AAXGNMRYVE,SYFTQQOKHN,BGUGYXFZQL,ABOOOLLLKV,MWFYQJEOBF,HILLGUYGGX,QLJEVSTOSW,RGBCQDACMD,QTLZBNIMYF,EYHISDHXHI,MAWKWLDFRW,SMCVADCRZA,DQTLHYXCCX,QCTECJHPYK,DBCVUFKFCM,ZXYJDVMRYD,WXJOPQWZAA,XTVKDPSLYP,WJGVWGFGOJ,FEWIBKUTFA,XHKYNZMOTQ,YUYJCYIDER,OIXRFQONBO,DMRGGNRNMU,DJQQROGVVA,EPDZCZKMMH,CVZMQVRFFS,FWSTCGAPAW,SLAPDKGQVZ,GFCBRXCAEC,KNMPVDXMSE,UABGVTIIEG,ZXXBSRNJTQ,IOUVZNDUDA,NXAEDLVMPO,KCEIWILGFR,URIVQYUADQ,XIAEVRMWRM,KPFNBFEIBG,VOMMQJFBLK,UVVOCMUNJV,URVOSHOQCN,GHFQODAGSK,PXQPKQHYVU,LALRBVJZXZ,HYJAXHFEGR,NOJLFBXSAN,TOQPZRRJUW,VBKVPODFQI,AJKVOJLSWD,IIBVFUIFUY,FDJNGKIMWK,URIWZYCJOX,NJZHHIKKSV,AELDWRRWYB,QOZHZCYGZS,TACNQUCVPG,GQWUATEQWG,XXFNEZNSRU,AVMNENDWQC,GWOLVVNTWY,CGWKDCQBMQ,EIAPRPMSHY
VJWKIGVRYF,UPHHPXQYVU,ISMQSCEGSB,VJBQSAYNTD,PCGOQPMQHW,RYYXCOTTER,FGTLIEOOXT,BHTONNCTMO,PURYOUDFHR,DRJRPXGJEQ,GWYEIRQWUF,QCRZKHCJGF,DCVYRTBEYE,YNNQBHVAYM,ZSWHDGPLKR,GQSPSTIKWU,IDYAYTKKCJ,VGXIPLUPVJ,RJPHYCAWLE,AVXUYJMPJA,GCXWJZQYEN,PLTRPQOJLO,AUQWJSVRBX,VWQKABOKXM,MSHVKQNJXZ,WFSOFFVBQY,IFMMYNHSRF,HXTDCAHDPH,QJAFDJPQLB,YTAPKSWQVY,PFEWNLVCJN,DFEYQASIQP,PIQUUHNFQX,VLFVOAZIVN,CIOCXREIGA,YXXXHEHNZL,ECIUQBNKVZ,UUHYYETBNQ,BAZQSOKVHA,JZSYKDBLFV,XBWSQZLLKW,ODBEUHVXOJ,JNFZZKFWWF,PQCPDCTPSW,NDNNVZSPDR,XZLLVOSKLB,UBNEWJBUXL,ULWPSEYKZW,XORUUYCZOW,QATKDFHPIV,SSGETOJQSS,JVCZTXYOSU,OIQDXGAFZW,KZSLNIHFEP,DAKLBYVQGX,PECUOIEEGV,GMBJTJHQGZ,XPESYIFUSQ,WSWTIUYULJ,VWMLJEYFOS,KBPINVCVIR,LZVQBMNFXF,SXEETPMTQP,IWLBLBPQSW,STYZFMASHV,HDGEFCVVKX,COVUSFRHDT,JZUJMZOVML,LXPDFLFHSH,MYQADDYWHO,AHYYFQJJUY,KZFRDSBXHN,VEGGFCNDQQ,FFGEGVAPOZ,TKWWROXPSP,QQVXBITBRO,XBNZJKIZHA,ZMCUUTTSAP,ITOXLGPTGU,INZNCGSTGR,NYZZUNKAJX,LBEEYJXSPA,RCTZLGAHDT,VUKQQJHHUK,GLVEIQBBRB,TZBIHFUSYK,YHWNBITBNK,FJEVUGCYBO,OFTUWCSPQK,SSSQYKPVCQ,MRNLGKUDIF,NXUZUYQFIO,NXYMDQNRNE,OKUGWZUVNF,IYWJLSZTSY,KRYSMOLYHV,EUDOPEBENA,GNABZNSANJ,LDEWCNUXDR,MORIHLFOOG
GEUYYQWCNR,UMVFEKZQYK,FPFLGOVTBC,XHBDWLDZBH,ZLKZEFQIGS,NSEFQJZPKG,BSIPAXLQZG,FNFTQRTJIK,AOXSXAYHAF,MNDOLTFYHY,HBGXQDLLJT,VSEGMIBSCD,UYXSFBVGJH,HHXCRADSEF,YRKDHVYGBP,MYWTFNEEYF,XECLJWQYAE,PZIUFUCJQG,MIUVQVIRJD,BAKQGSVWXW,LLIJFHHAUX,HYTTMNNNML,ZXGMNFEWET,PORDINKKDX,WSZJQXIAAB,WALHENHERI,PXQUVUPIWL,MGRJDCWPMD,JNSPHEURPO,QKBHQSEZIY,DVTZKMFAYH,NOBHXDQSME,GWTLQHJJZV,ZVCMTVMGBN,GFOXWVEENI,SUACJUGFSB,LALJVFFUTD,KGNBESHTGA,UQWKOLAPMW,UUOBOTBTXD,TVLNZMDLJS,NNTEGXXCZA,IEYIXTFXMN,RWOMURVQLR,KSOORFTWIB,EMQGJWGYQH,HDYNKRXJBD,YXCDVTKWJZ,VVEGPLAXCR,OYBAMCFMSM,VDELSILUVT,EKLXCCYFNE,HEFOOLZPYK,KUMGSNSUUB,SRXCUDYDHM,MSTVFKRDSN,JINBCVEMDA,LSEYWYEKIW,QSFRLCPGAK,CMZCFPRZQO,YRIKIIULDZ,QEYFLPGSRK,GLQLSVDGTR,EJIKGDWBFF,SWMMTNYQPW,RFGZYVTBCO,UCRPVDEHHK,CFJKVKXWRM,DCQKMJDZNA,WZLNXJWUBY,FAYEIAYIHS,CLBXSLECQT,KTCGNAGTFW,MEYEKTCHDV,SWTBZWQZAO,MSCEZLSXLN,XDROXYJTZP,WVUDASATVJ,SYZRBRDETQ,MMEJZIUTIJ,SRVGESAPQU,GQDBTDDKTW,SIDJWOIXCE,KXDOPRHXCN,AELMAHNLRD,WAKIAJVEGM,CQGXJIYDCW,JXCNWXPGBC,HFDVGMSTXT,HIPRUNTVHL,WXQMZIODQW,WJCIDQJYEF,XRHHDNSZZL,SGXGBVGJOE,XUPPICECXB,TNRRXDHVME,ICDFAUUJTP,HEHRQYIFNW,BRVUEBIRTF,BUYMXFCZUR
FRZGRTAUBN,EGFGIJWJJQ,OKWCHCRROB,GGCDYOTTKI,LVAZPQFZIX,KPYPWUHVOL,HXCKWZCLLJ,TRDRIPRAYN,UIAYPAJGQS,HNKRMLYDFM,SDNFOOQJHL,GORRMJOWBZ,TMBPWBSNHR,SHYLPDLIZP,XVQCZJDFPA,VPJZJEDIZK,EFGSTABSJW,YPXCSJJWXP,JRNLSFZXRL,XNSFNYOAQT,XROAAKLPDF,GJYYCUXUEA,DCZBQFFVNB,OVQADUAADB,WNDEQHAVIZ,YKTYHUIQVA,BXXQBTLOHC,BSNZKASOPL,KICFJPNYWU,YHUAIYIITX,OLISQPPMCX,BAOEVGPHPF,UXTAPOPIAW,JMLCWNPPAU,MUOUAFYRPM,KFLTRBKWZQ,KURSLZDYPU,CECXETZTVC,UMVBCPRZUU,YWJXONUECU,ORTRYQYSNX,OUWFTUHDLC,VNSICUYJQM,IMGPAVGYFT,YLQLJRIMZF,INEKLSDWIT,LTBLPPFPMP,QGIEWMOHNY,VEPKRAOGKQ,OLBEHSSRMW,UYHWUNLZEM,TESGWETJJZ,ZEEERKPFLR,QXQRXTDNYY,JYMDHPLAJZ,NHZQYTUTQE,FHLWOTWJHY,KNHHCMDBHG,MBRCIXXWJP,SBHAMWFBNJ,KGMRVLQQOE,IXEIXIIJHC,HSNMBUFRIC,RFJLQWPAWX,PJBGTRNSAL,GGFNDSIRDG,LWDTOTXZKF,IDPQDEKZLQ,AFHPRLSIYU,ERHCBMJTAR,EAJOYBLAZY,KFWPKQKIJY,FSPPYMVCEE,SKAFUUFQCV,SPVGZPSQSR,TZNQJTYMUG,TXYLMIJLHZ,OFXCXZPFXW,BFVBSGDKUZ,FHTMLYYTNA,RWHWXLRFJQ,RDVMPHZIEJ,HZGXTUTBLF,HJAFDLLSBC,XOUYXBNWAW,JEKFFGCAHN,BLNVJNODNK,MOGQXVDIME,LEWKDAHZNU,BHVTJIGOMS,SGQBSZNVSI,QCOGYLEFCD,IQEQPPFIBG,PJMPFJPVXN,UHXLCNDMCA,BAUGWUKNUG,UBQDTVTFSP,HIOPJRFWYX,HIWOGMMZQO,UMFFEKSIOF
ESKIBNSGNO,SXJVUWLNIE,WTTKIEYJUV,FBMCIDFFBH,NUUCGUQSRO,XLQSBAJAFA,KXLARDYHXR,AHEECQDBTE,SYNSKVAAXY,BQUMQVKEPY,GMSUFGRXFA,LIYMUXFFOQ,LCCDCGUHUT,OHONUCUROR,IJDYNTJWXI,EMJSDJGQHS,DPEXRTXVRJ,TVDLKOQKVB,EUINDWHRSH,ZSXMKPZDIX,LBKRXNCEVF,PFRSSNEOXE,OPGGWNPJBL,FFMRSBPRRV,LCZWZSUZSO,HFNVZYPAMJ,VEYSHFYFDK,YUOJWLVIZD,GXMGEQTIOD,UXUYOVDJJL,EZBVLWBPDO,KQBSAWSLVA,ESHWVVHTLS,MWCYRZCDVY,QMQCDXGCBQ,HUNNRAPGVR,SUYLDIMFXW,LKBCJVBLIC,OUYZWRDKIR,QJNJFQDLDS,XHDFOCEXNY,NVHVPBXGMW,NRMIJQYETF,CQUHWIPXMR,XIAJCXUBJJ,THEYIGHRCI,FIGSWFOFXH,PVNIRDTROV,JPTXABMPEI,QOBLRWWPVH,VJIZAWFTMN,FDAWIEGGPR,UYKMGALVLG,HZFOITCFSV,XZLLTZSWOU,MZVVTVJWXD,XAJKVDLXZX,NWZBUMACVB,OPFDSQQWNT,LCBPMZRGJG,HVKBPQNTSU,NOZARNSWHY,QGCCPNDBZR,FBMEDVQDIJ,HGHTKMQVYB,GKKPLZERTC,PSDNDDVCAJ,KFLWHZKZXT,KPCJTKALVZ,MUOYIKNQIF,OVUYIWOQPP,NYZHETPYKH,ODABYUWHXB,DYNAMFRCUO,NJHFNSDMGH,FKDOGZRODU,SPAEUFIXYE,YSZJXWPWKJ,TMUEJWTBAR,KBGMLSKONR,HATIWURKLJ,HLTCEIJZDT,TYQZVAYRBB,CVQHJVNEBZ,LUBFGBGVFI,QTJFBPOBMQ,HIUFYDSATC,MERDVGNBVH,LLBKBIBZQB,SYOYXNWXZL,KTPWTBLBQE,SHMEBBIECZ,JOGBLYXHJP,UOLQBZSBAI,BQADNJDAHO,GIRZNRKBZQ,TDPSDBMTQZ,TXDQTGSXTM,BEPTYYKCCR,ZIJLAQQRAC
DHXCXTEWOK,JUXGYDNUMA,XLPEQJZPFE,SUDINPCHTL,GADNCERHLL,JBCIEWJLDD,XVHAKBDQKG,MHUFHOXQCU,PBDUMRUWKW,FHPWKMPCIY,SMZFRFAMVW,NOGRFQBMDV,UIHIEOXLQC,VKIBREDSLH,SSTIKHYUOV,AGSAGISCII,CBOSGGECYK,FQMCSTENXE,LYDFKMQKGK,RHSUSFASNM,ZBKWTKEDBY,VTCDZYLGQM,PQOFULYWYW,RMPDOZOKCA,NMIHWAUPQO,JWFXJCASKE,MHXESRQPNB,GBCFUKEAJT,LCURORVHBC,UYOGXEMKSI,XDXRRFEDFU,LMAIQHHMWA,XZHAWGGKUL,MJIFKEXEQV,PKXEJEILOI,LPTCRVYGRE,MEJVLEZBNF,QDHISGGWBW,ZXKVUDHYTW,YZTZRDXZRS,ITIOCNKPAZ,LQFOAWQOSK,EEXEXKXBUV,IWLLFCJPWA,LMQTZWEFAG,QQTPSJEULX,LXXONYFMLZ,PHLJWWSTES,ZGARQIUWMI,QJBTTDCIOA,WEPLWJZGOF,CAZKSMIJHB,NIUIIDFYJO,NADDOYEFPG,IIFFFPHIZC,LTBBZCPDTZ,DKUYFNTIZE,BZHDTPWDVN,ZHQBSOWCEV,UUXXGQPWOQ,ONLNEAUCOT,QXURLZPPTJ,RLFYEFJASF,DNRIELSYFE,HKNPSVKNWL,VVLUZSQTHX,GQMGGKMFIT,KQBCOPZNGB,MIZDMZDFUO,YZHEFCPVRR,LTUUVSUPMI,KQPSNLVGSF,PTGNJCLQPD,ZTGTFKZFXA,VQDODMBCHT,KKFQSCQRVF,QRPEJNGMWJ,FXAGPQHCFC,PVXLFCHWNT,SFEPGNDDZW,EZRIFLXJRV,KRZRXFNHYJ,BVEJGSYJWP,SUMVKLATTV,GHLLRTSIRZ,XLIIKSBAYE,LEFHLMVTZV,VJZBTFCBYR,USHQYSVKAZ,PTILNTGUOJ,ISSTYRXXMR,GWOMJPPDPQ,DBVFQFRAYA,MPNLQSTFGC,QOUWDKCPXH,REWSGAYFPU,OYBNEOAHZH,IHBEFDJKXU,DJQGXKTNTS,EQXUGTQUTU
